"Bezeichnung"	"Zeitraum"	"01.03."	"02.03."	"03.03."	"04.03."	"05.03."	"06.03."	"07.03."	"08.03."	"09.03."	"10.03."	"11.03."	"12.03."	"13.03."	"14.03."	"15.03."	"16.03."	"17.03."	"18.03."	"19.03."	"20.03."	"21.03."	"22.03."	"23.03."	"24.03."	"25.03."	"26.03."	"27.03."	"28.03."	"29.03."	"30.03."	"31.03."
"Gesamt - Food (Speisen)"	"12328"	"371"	"279"	"316"	"314"	"497"	"562"	"752"	"443"	"289"	"304"	"308"	"448"	"531"	"588"	"295"	"190"	"401"	"381"	"391"	"673"	"623"	"405"	"223"	"369"	"335"	"463"	"590"	"656"	"331"	""	""
"Pizza und Küche"	"592"	"11"	"10"	"16"	"12"	"29"	"25"	"40"	"25"	"14"	"18"	"15"	"12"	"25"	"33"	"12"	"5"	"24"	"12"	"14"	"42"	"34"	"24"	"9"	"21"	"13"	"16"	"36"	"29"	"16"	""	""
"Pizza Prosciutto TA"	"465"	"3"	"15"	"26"	"20"	"24"	"24"	"14"	"11"	"23"	"24"	"22"	"16"	"20"	"4"	"4"	"9"	"20"	"12"	"21"	"34"	"16"	"6"	"11"	"23"	"18"	"15"	"20"	"10"	""	""	""
"Pizza und Küche"	"431"	"7"	"5"	"10"	"8"	"21"	"23"	"33"	"16"	"9"	"15"	"5"	"9"	"14"	"18"	"12"	"5"	"17"	"9"	"9"	"33"	"30"	"24"	"4"	"10"	"10"	"12"	"33"	"16"	"14"	""	""
"Pizza Prosciutto e Funghi TA"	"396"	"6"	"8"	"20"	"28"	"14"	"29"	"18"	"7"	"14"	"21"	"19"	"16"	"14"	"6"	"3"	"10"	"14"	"9"	"20"	"17"	"12"	"12"	"11"	"21"	"10"	"8"	"16"	"9"	"4"	""	""
"Pizza Margherita Classico TA"	"375"	"8"	"12"	"19"	"13"	"14"	"23"	"13"	"8"	"12"	"11"	"11"	"18"	"20"	"3"	"2"	"9"	"17"	"18"	"16"	"23"	"24"	"4"	"14"	"19"	"13"	"11"	"9"	"8"	"3"	""	""
"Der Gemischte"	"340"	"8"	"4"	"10"	"6"	"10"	"9"	"19"	"11"	"4"	"5"	"10"	"5"	"11"	"24"	"12"	"5"	"12"	"17"	"8"	"14"	"25"	"13"	"8"	"13"	"9"	"15"	"19"	"23"	"11"	""	""
"Der Blattsalat"	"269"	"7"	"4"	"3"	"6"	"7"	"16"	"14"	"6"	"4"	"3"	"8"	"4"	"11"	"25"	"6"	"9"	"9"	"10"	"11"	"17"	"14"	"10"	"4"	"7"	"6"	"7"	"15"	"17"	"9"	""	""
"Die Carbonara Pasta Linguine"	"214"	"7"	"2"	"7"	"3"	"4"	"10"	"24"	"10"	"3"	"3"	"3"	"7"	"4"	"16"	"7"	"3"	"9"	"11"	"5"	"13"	"6"	"5"	"4"	"3"	"8"	"10"	"10"	"10"	"7"	""	""
"Pizza Royal Margherita"	"209"	"10"	"9"	"3"	"5"	"10"	"10"	"10"	"13"	"5"	"6"	"4"	"4"	"9"	"11"	"3"	""	"1"	"5"	"5"	"10"	"17"	"8"	"4"	"9"	"7"	"3"	"12"	"13"	"3"	""	""
"Tagesmenu 2"	"205"	""	"18"	"15"	"16"	"16"	"6"	""	""	"6"	"4"	"7"	"9"	"6"	""	""	"5"	"3"	"2"	"7"	"14"	""	""	"8"	"19"	"13"	"16"	"15"	""	""	""	""
"Die Lachspasta Trofie"	"182"	"9"	"3"	""	"1"	"6"	"7"	"14"	"7"	"4"	"2"	"1"	"4"	"11"	"10"	"5"	"5"	"6"	"2"	"4"	"16"	"11"	"8"	"1"	"3"	"4"	"4"	"13"	"15"	"6"	""	""
"Pizza Vegetariana TA"	"181"	"3"	"4"	"11"	""	"8"	"7"	"7"	"3"	"5"	"2"	"7"	"8"	"11"	"2"	"1"	"4"	"7"	"2"	"7"	"21"	"4"	"6"	"13"	"7"	"7"	"8"	"7"	"4"	"5"	""	""
"Glace 1 Kugel"	"175"	"15"	"2"	""	"6"	"17"	"11"	"14"	"9"	"3"	"1"	"1"	"2"	"3"	"8"	"5"	"5"	"7"	"10"	"7"	"6"	"10"	"7"	"1"	""	"2"	"5"	"8"	"4"	"6"	""	""
"Die San Remo Pasta Campanelle"	"174"	"2"	"4"	"6"	"4"	"9"	"6"	"17"	"4"	"1"	"6"	"2"	"7"	"3"	"15"	"7"	""	"6"	"2"	"4"	"6"	"8"	"9"	"4"	"6"	"8"	"3"	"16"	"7"	"2"	""	""
"Die Limone Minze Ricotta Ravioli"	"174"	"2"	"2"	"3"	"1"	"9"	"5"	"15"	"6"	"7"	"6"	"5"	"4"	"9"	"9"	"5"	"8"	"6"	"7"	"5"	"13"	"7"	"6"	"3"	"1"	"4"	"2"	"5"	"16"	"3"	""	""
"Die Rind Pasta Campanelle"	"173"	"4"	"2"	"1"	"1"	"6"	"10"	"16"	"11"	"3"	""	"1"	"8"	"4"	"15"	"8"	"1"	"7"	"2"	"4"	"14"	"6"	"4"	"3"	"2"	"7"	"4"	"8"	"12"	"9"	""	""
"Tagesmenu 1"	"169"	""	"13"	"15"	"17"	"8"	"7"	""	""	"7"	"11"	"11"	"13"	"12"	""	""	"7"	"6"	"10"	"10"	"3"	""	""	"2"	"4"	"4"	"8"	"1"	""	""	""	""
"Die Gamberi Pasta Linguine"	"166"	"7"	""	"4"	"3"	"1"	"9"	"20"	"6"	"5"	"1"	"1"	"3"	"9"	"11"	"2"	""	"5"	"2"	"4"	"8"	"11"	"5"	"2"	"4"	"9"	"2"	"6"	"12"	"14"	""	""
"Pasta Pollo TA"	"164"	"4"	"7"	"4"	"6"	"4"	"8"	"12"	"1"	"11"	"11"	"6"	"7"	"4"	"2"	""	"7"	"9"	"3"	"9"	"3"	"5"	"2"	"5"	"3"	"4"	"9"	"6"	"10"	"2"	""	""
"Pizza Prosciutto e Funghi"	"164"	"6"	"5"	"2"	"5"	"7"	"6"	"10"	"4"	"1"	"4"	"7"	"4"	"8"	"13"	"2"	"2"	"2"	"5"	"8"	"7"	"10"	"5"	"5"	"10"	"9"	"3"	"4"	"7"	"3"	""	""
"Die Burrata"	"162"	"4"	"4"	"1"	"2"	"2"	"9"	"8"	"6"	"3"	"4"	"2"	"4"	"10"	"13"	"5"	"3"	"3"	"1"	"6"	"6"	"13"	"5"	"1"	"4"	"8"	"2"	"13"	"16"	"4"	""	""
"À point"	"158"	"7"	"1"	"2"	"2"	"3"	"3"	"8"	"10"	"2"	"2"	"2"	"1"	"7"	"7"	"9"	"1"	"7"	"9"	"10"	"8"	"11"	"6"	"2"	"6"	"3"	"5"	"5"	"19"	""	""	""
"Pizza Margherita Classico"	"158"	"8"	"4"	"5"	"13"	"7"	"7"	"12"	"7"	"2"	"4"	"3"	"6"	"5"	"6"	"1"	"2"	"2"	"3"	"1"	"11"	"6"	"9"	""	"6"	"3"	"3"	"6"	"13"	"3"	""	""
"Der Burger"	"156"	"13"	""	"3"	"1"	"5"	"4"	"11"	"5"	"2"	"3"	"2"	""	"7"	"8"	"8"	"1"	"6"	"8"	"10"	"8"	"12"	"8"	"2"	"7"	"3"	"3"	"4"	"12"	""	""	""
"Die Zucchetti Pasta Campanelle"	"155"	"2"	"6"	"6"	"5"	"7"	"9"	"11"	"7"	""	"8"	"3"	"4"	"8"	"7"	"2"	"3"	"6"	""	"3"	"11"	"3"	"7"	"3"	"4"	"5"	"3"	"13"	"8"	"1"	""	""
"Sushi/Sashimi Teller"	"152"	"6"	"4"	"6"	"1"	"2"	"10"	"9"	"8"	"5"	"1"	"4"	"2"	"6"	"16"	""	"3"	"2"	"1"	"3"	"12"	"6"	"3"	"1"	"2"	"5"	"4"	"10"	"20"	""	""	""
"Tiramisu Kaviar Arabica"	"148"	"4"	"2"	"3"	"6"	"4"	"5"	"18"	"7"	"4"	"1"	"2"	""	"6"	"8"	"8"	"5"	"3"	"2"	"5"	"4"	"15"	"4"	""	"1"	"7"	"8"	"5"	"11"	""	""	""
"Pizza Vulcano"	"147"	"6"	"4"	"2"	"1"	"9"	"8"	"10"	"7"	"2"	"1"	"3"	"3"	"10"	"16"	"2"	"1"	"4"	"1"	"4"	"9"	"5"	"6"	"2"	"5"	"1"	"7"	"7"	"7"	"4"	""	""
"Pasta Bolognaise TA"	"138"	"2"	"8"	"4"	"5"	"8"	"3"	"8"	"2"	"6"	"6"	"5"	"11"	"9"	"3"	"1"	"4"	"11"	"3"	"5"	"10"	""	"1"	"1"	"5"	"4"	"10"	"2"	""	"1"	""	""
"Das Focaccia"	"135"	"2"	"2"	"3"	"1"	"2"	"5"	"14"	"9"	"2"	"5"	"4"	"4"	"7"	"6"	"3"	"1"	"8"	"8"	"2"	"7"	"6"	"6"	"3"	""	"2"	"8"	"5"	"6"	"4"	""	""
"Das Schokoladensouffle"	"133"	"5"	"3"	""	"2"	"3"	"8"	"14"	"4"	"1"	"5"	"4"	"4"	"11"	"11"	"4"	"2"	"2"	"3"	"2"	"1"	"12"	"3"	"2"	"1"	"4"	"1"	"9"	"9"	"3"	""	""
"Die Bao Buns Poulet"	"132"	"6"	"2"	"4"	"1"	"5"	"8"	"8"	"6"	"6"	"3"	"1"	"1"	"3"	"7"	"5"	"3"	"5"	"11"	"4"	"3"	"5"	"4"	"1"	"1"	"7"	"2"	"6"	"9"	"5"	""	""
"Tagesmenu 3"	"128"	""	"8"	"4"	"4"	"5"	"1"	""	""	"1"	"9"	"14"	"12"	"5"	""	""	"4"	"8"	"13"	"11"	"6"	""	""	""	"4"	"7"	"5"	"7"	""	""	""	""
"Pasta Pesto TA"	"126"	"3"	"5"	"6"	"7"	""	"9"	"5"	""	"4"	"5"	"9"	"6"	"7"	"1"	"1"	""	"4"	"6"	"2"	"5"	"5"	"1"	"2"	"6"	"3"	"7"	"7"	"5"	"5"	""	""
"Pizza Parma"	"124"	"1"	""	"1"	"4"	"4"	"6"	"8"	"2"	""	"6"	"3"	"4"	"7"	"6"	"2"	""	"6"	"4"	"2"	"7"	"4"	"4"	"3"	"3"	"4"	"10"	"11"	"8"	"4"	""	""
"Der Grieche"	"123"	"5"	"6"	"2"	"2"	"3"	"8"	"11"	"7"	"7"	"3"	"2"	"6"	"5"	"11"	"3"	""	"3"	"6"	"2"	"3"	"5"	"2"	"2"	"2"	"3"	"2"	"5"	"3"	"4"	""	""
"Das Tartufo Arancini"	"118"	"2"	"1"	"2"	"4"	"4"	"4"	"6"	"4"	"1"	"3"	"2"	"2"	"4"	"4"	"3"	"3"	"6"	"4"	"4"	"8"	"9"	"4"	"2"	"3"	"4"	"3"	"12"	"7"	"3"	""	""
"Der Tomaten Burrata Risotto"	"115"	"3"	""	"2"	"4"	"2"	"5"	"10"	"7"	"1"	"8"	"3"	"1"	"3"	"7"	""	"3"	"4"	"1"	"3"	"8"	"7"	"1"	"1"	"2"	"2"	"3"	"12"	"8"	"4"	""	""
"Pizza Vegetariana"	"113"	"7"	"2"	"4"	"2"	"4"	"3"	"6"	"3"	"1"	"4"	"2"	"3"	"2"	"8"	"2"	""	"5"	"5"	"1"	"10"	"12"	"7"	"1"	"3"	""	"4"	"5"	"6"	"1"	""	""
"Die Poulet Pasta Torfie"	"110"	"1"	""	"5"	"2"	"3"	"7"	"6"	"2"	"3"	"2"	"1"	"2"	"4"	"7"	"2"	""	"5"	"7"	"4"	"6"	"4"	"7"	"1"	"1"	"2"	"3"	"7"	"12"	"4"	""	""
"Pizza und Küche"	"103"	"4"	"3"	"1"	"3"	"2"	"4"	"10"	"5"	"5"	"1"	"3"	"1"	"7"	"7"	"1"	"3"	"3"	"3"	"2"	"5"	"8"	"1"	"2"	"2"	"2"	"2"	"5"	"6"	"2"	""	""
"Das Lachs Tatar"	"96"	"4"	"4"	""	""	"3"	"3"	"4"	"2"	"1"	"2"	"4"	"2"	"3"	"9"	""	""	""	"2"	"1"	"10"	"12"	"1"	"1"	"4"	"7"	"5"	"3"	"6"	"3"	""	""
"Die Bolognese Pasta Linguine"	"96"	"5"	"2"	""	"1"	"3"	"5"	"10"	"5"	"1"	"1"	"3"	"3"	"1"	"7"	"8"	"2"	"1"	"1"	"2"	"6"	"7"	"3"	"3"	"1"	""	"2"	"5"	"5"	"3"	""	""
"Die Pistazien Ravioli"	"96"	"6"	""	"1"	"3"	"3"	"7"	"4"	"3"	"4"	"3"	"1"	"3"	"2"	"7"	"3"	"1"	"5"	"2"	"2"	"8"	"5"	"1"	""	"1"	"2"	"1"	"4"	"7"	"7"	""	""
"Die Pesto Pasta Trofie"	"96"	"5"	"2"	"4"	"3"	"5"	"5"	"10"	"5"	"2"	"2"	"4"	"2"	"3"	"4"	"2"	""	"7"	"1"	"3"	"4"	"4"	"2"	"2"	"1"	"2"	"1"	"6"	"4"	"1"	""	""
"Menu"	"96"	""	""	"4"	""	""	"4"	""	""	""	""	""	""	"50"	""	""	""	""	"38"	""	""	""	""	""	""	""	""	""	""	""	""	""
"Die Arrabbiata Pasta Campanelle"	"91"	"4"	"1"	"2"	"1"	"2"	"5"	"6"	"2"	"2"	"1"	"3"	"3"	"3"	"6"	"5"	"1"	"3"	"2"	"7"	"5"	"2"	"11"	"1"	"1"	""	"3"	"2"	"1"	"6"	""	""
"Die Tomatencreme Suppe"	"90"	"7"	"1"	"2"	"2"	"1"	"2"	"3"	"6"	"3"	""	"1"	"4"	"2"	"8"	"6"	"1"	"4"	"1"	"2"	"2"	"1"	"6"	"1"	"2"	"1"	"2"	"3"	"11"	"5"	""	""
"Pizza Bernese"	"85"	"1"	""	"3"	"2"	"3"	"8"	"7"	"1"	"2"	"3"	"3"	"3"	"3"	""	"4"	"1"	""	""	"4"	"8"	"7"	"6"	"2"	"5"	"3"	"2"	"3"	"1"	""	""	""
"Die Gemüse Tempura"	"84"	"3"	"2"	""	""	"3"	"4"	"8"	"2"	"1"	"1"	""	"1"	"2"	"6"	"3"	"1"	"6"	"1"	"2"	"4"	"1"	"5"	"3"	""	"5"	"3"	"3"	"12"	"2"	""	""
"Pizza Tonno"	"84"	"1"	"3"	"4"	"3"	"3"	"2"	"5"	"5"	"3"	"2"	"1"	"2"	"2"	"3"	"1"	""	"4"	"1"	""	"8"	"3"	"3"	""	"5"	"1"	"7"	"5"	"6"	"1"	""	""
"Der New York Cheesecake"	"83"	"4"	"1"	"1"	"1"	"1"	"2"	"12"	""	""	"1"	""	"2"	"4"	"8"	"2"	"1"	""	""	"4"	"5"	"12"	"3"	"1"	"2"	"3"	""	"3"	"8"	"2"	""	""
"Die Aglio Olio Pasta Linguine"	"79"	"3"	"1"	"5"	"1"	"4"	"6"	"7"	"3"	""	"1"	""	"4"	"3"	"4"	"2"	"3"	"2"	"2"	"2"	"6"	"4"	"2"	""	""	"2"	"1"	"4"	"4"	"3"	""	""
"Pizza Menu"	"78"	""	"4"	"6"	"9"	"4"	"3"	""	""	""	"7"	"2"	"6"	"3"	""	""	"2"	"3"	"5"	"4"	"2"	""	""	"4"	"5"	"6"	"2"	"1"	""	""	""	""
"Die Ziege"	"77"	"3"	"3"	""	"1"	"3"	"7"	"4"	"5"	"3"	"2"	"2"	"1"	"2"	"3"	"2"	"2"	"3"	"2"	"1"	"2"	"5"	"3"	"1"	""	"3"	"1"	"4"	"6"	"3"	""	""
"Die Rippen"	"76"	"1"	""	"2"	"1"	"1"	"3"	"5"	"1"	"1"	""	"1"	""	"2"	"4"	"7"	""	"2"	"3"	"7"	"5"	"8"	""	""	"5"	"1"	"1"	"3"	"10"	"2"	""	""
"Pizza Manzo"	"76"	"5"	"4"	"2"	"1"	"1"	"5"	"4"	"1"	"2"	"1"	""	"1"	"4"	"2"	"3"	""	"2"	""	"5"	"2"	"9"	"1"	"4"	"2"	"1"	"2"	"5"	"4"	"3"	""	""
"Pizza Rustico"	"73"	"3"	"1"	"1"	"1"	"5"	""	"5"	"3"	""	""	"1"	"5"	"1"	"8"	"1"	""	""	""	"1"	"6"	"3"	"2"	"3"	"4"	"2"	"2"	"3"	"12"	""	""	""
"Menusalat"	"72"	""	"2"	"4"	"2"	"8"	"2"	""	""	"1"	"6"	"7"	"3"	"2"	""	""	"2"	"3"	""	"1"	"1"	""	""	"4"	"6"	"2"	"14"	"2"	""	""	""	""
"Pizza Napoli"	"62"	"2"	"1"	""	"3"	"2"	"5"	"2"	"2"	"1"	"2"	"2"	"2"	"1"	"2"	"2"	""	""	""	"4"	"8"	"4"	"5"	"1"	"2"	""	"3"	"5"	"1"	""	""	""
"Pasta Pomodoro TA"	"61"	"1"	"1"	"2"	"1"	""	"3"	"5"	""	"3"	"1"	"5"	"1"	"8"	"1"	""	"1"	"5"	"2"	"2"	""	"4"	""	"1"	"3"	"2"	""	"5"	"3"	"1"	""	""
"Das Tartufo Focaccia"	"61"	"3"	""	""	"3"	"1"	"1"	"2"	"3"	"1"	""	""	""	"2"	"6"	"1"	"1"	""	""	"2"	"6"	"4"	"1"	""	"2"	"1"	"3"	"6"	"8"	"4"	""	""
"Pizza und Küche"	"60"	"2"	""	"1"	"3"	"1"	"2"	"4"	"4"	""	"1"	"2"	""	"1"	"4"	""	""	"3"	"3"	"3"	"4"	"5"	"1"	"1"	"4"	"3"	"2"	"3"	"3"	""	""	""
"Der Turm"	"60"	"9"	""	""	""	""	""	""	"7"	""	""	""	""	""	""	"9"	""	""	""	""	""	""	"13"	""	""	""	""	""	""	"22"	""	""
"Pizza Funghi TA"	"60"	"1"	"1"	"2"	"1"	"2"	"4"	"4"	"1"	"1"	"2"	"2"	"1"	"3"	"2"	""	"1"	"3"	"1"	"1"	"2"	"3"	"1"	"4"	"6"	"2"	"6"	""	"3"	""	""	""
"Der Apfelstrudel"	"60"	"4"	"1"	""	""	"1"	""	"6"	"5"	"5"	"1"	""	"2"	"2"	"4"	"4"	"1"	"3"	"1"	"2"	"2"	"2"	""	"2"	""	"3"	"1"	"3"	"3"	"2"	""	""
"Pizza Quattro Formaggi"	"60"	"2"	"2"	"2"	"3"	"1"	"4"	"7"	"3"	""	"1"	"1"	"3"	"3"	"1"	""	""	""	"3"	"1"	"4"	"3"	"1"	""	"3"	"1"	"4"	"1"	"5"	"1"	""	""
"Das Rindsfilet"	"60"	""	"1"	""	"1"	"2"	"3"	"4"	"7"	""	""	"1"	"1"	"2"	"4"	"2"	"2"	"3"	"1"	"4"	"1"	"2"	"1"	""	"1"	"1"	"2"	"3"	"11"	""	""	""
"Fleisch menu"	"59"	""	""	""	""	""	""	""	""	""	""	""	"37"	""	""	""	"1"	""	""	""	""	""	""	""	""	""	"21"	""	""	""	""	""
"Das Kalbssteak 220gr"	"56"	""	"1"	""	"1"	"2"	"1"	"6"	"2"	""	""	""	"1"	"2"	"6"	"1"	"1"	"2"	"11"	"2"	"1"	"1"	"1"	"2"	"1"	""	"3"	"1"	"4"	"3"	""	""
"Pizza und Küche"	"55"	""	"6"	"5"	"2"	"6"	"1"	""	""	""	"1"	"5"	"2"	"4"	""	""	""	"3"	""	"3"	"3"	""	""	"2"	"3"	"3"	"5"	"1"	""	""	""	""
"Fleisch Menu"	"53"	""	""	""	""	"39"	""	""	""	""	""	""	""	""	"14"	""	""	""	""	""	""	""	""	""	""	""	""	""	""	""	""	""
"Pizza Prosciutto"	"51"	"1"	""	""	"1"	"2"	"4"	"4"	"1"	"3"	""	"1"	"1"	"2"	"4"	"2"	""	"5"	""	"1"	"4"	"3"	"1"	"3"	"1"	"1"	"2"	"2"	"2"	""	""	""
"Die Dorade"	"51"	""	"3"	""	"2"	""	"1"	"4"	"3"	"1"	""	"2"	"2"	"2"	"1"	"5"	"1"	""	"2"	"1"	"1"	"5"	"3"	""	"2"	"1"	"1"	"3"	"5"	""	""	""
"Pizza Salmone"	"51"	""	"1"	"1"	"2"	"2"	"2"	"3"	"2"	"1"	"1"	"1"	"1"	"3"	"1"	"1"	""	"3"	""	"2"	"3"	"6"	""	"4"	"2"	"2"	"1"	"2"	"1"	"3"	""	""
"Der Zander Saltimbocca"	"50"	""	"2"	"1"	"1"	""	"2"	"4"	"5"	""	""	""	"2"	"1"	"2"	"5"	""	""	"3"	"1"	"2"	"6"	""	""	""	"1"	"2"	"6"	"2"	"2"	""	""
"Bien cuit"	"49"	"6"	""	"1"	""	"2"	"3"	"5"	"1"	""	"1"	"1"	""	"2"	"5"	"1"	""	"2"	""	"3"	"1"	"3"	"3"	""	"2"	"1"	""	"2"	"4"	""	""	""
"Das Rinds Tatar"	"49"	""	"3"	""	""	"1"	"5"	"1"	"2"	"1"	""	"1"	""	"3"	"4"	"2"	""	""	""	"3"	"2"	"6"	"1"	"2"	"2"	""	"1"	"3"	"4"	"2"	""	""
"Die Frutti di Mare Risotto"	"48"	""	"2"	""	"2"	"1"	"1"	"5"	"5"	""	""	"1"	""	"1"	"5"	"3"	""	""	"1"	"1"	"3"	"2"	"1"	""	"2"	"2"	""	"2"	"4"	"4"	""	""
"Happy Chicken"	"46"	"1"	"2"	""	""	""	"3"	"4"	"4"	"4"	""	""	""	"1"	"3"	""	"1"	""	"1"	"2"	"1"	"3"	""	""	"2"	""	"2"	"4"	"8"	""	""	""
"Pizza Royal Margherita TA"	"46"	"3"	"1"	"1"	""	"3"	""	""	"3"	"2"	"2"	"1"	"2"	"6"	""	"1"	""	"1"	""	"3"	"7"	""	""	"2"	"4"	""	"2"	"1"	""	"1"	""	""
"Crunchy Shrimp"	"44"	"3"	"2"	"3"	""	"1"	"2"	""	"3"	""	""	""	"1"	"2"	"6"	""	""	"1"	""	"1"	"4"	"2"	""	""	""	"1"	"3"	"3"	"6"	""	""	""
"Das Rindsfilet Stroganoff"	"44"	"4"	"2"	""	"2"	"1"	"3"	"2"	"2"	""	""	""	""	""	"3"	""	"1"	"1"	""	"1"	"2"	"1"	""	"2"	"2"	"1"	"5"	"1"	"4"	"4"	""	""
"Extra Rahm"	"43"	"4"	""	""	""	"1"	"4"	"7"	"3"	"3"	""	""	"1"	""	""	"2"	"2"	""	"3"	"3"	""	"3"	"2"	""	""	"1"	"1"	"2"	""	"1"	""	""
"Pizza Gamberi"	"43"	"1"	""	""	"2"	"4"	"5"	"2"	"1"	"1"	"1"	""	""	"2"	"3"	"3"	""	"3"	"1"	""	"1"	"4"	"1"	""	"2"	""	"2"	"2"	"1"	"1"	""	""
"Blaubeeren Sorbet"	"42"	"1"	"1"	""	"2"	"7"	"3"	"7"	"1"	"2"	""	"1"	""	""	""	"2"	""	"2"	"2"	"2"	"1"	"3"	""	""	""	""	"1"	"2"	"2"	""	""	""
"Businesslunch"	"41"	""	"2"	""	"1"	"1"	"3"	""	""	""	"1"	"2"	"2"	"3"	""	""	"1"	"2"	"5"	"3"	"3"	""	""	""	"10"	"1"	""	"1"	""	""	""	""
"Der Thai Lachs"	"40"	""	""	"1"	""	""	"2"	"3"	"2"	"1"	""	""	""	"1"	"1"	"1"	""	""	"2"	""	"2"	"2"	"4"	"2"	"2"	"2"	"3"	"1"	"5"	"3"	""	""
"Tomaten bruschetta"	"40"	""	""	""	""	""	""	""	""	""	""	""	"25"	""	""	""	""	""	""	""	""	""	""	""	""	""	"15"	""	""	""	""	""
"Futomaki beef"	"40"	""	""	""	""	""	""	""	""	""	""	""	"25"	""	""	""	""	""	""	""	""	""	""	""	""	""	"15"	""	""	""	""	""
"Kleines lachstartar"	"40"	""	""	""	""	""	""	""	""	""	""	""	"25"	""	""	""	""	""	""	""	""	""	""	""	""	""	"15"	""	""	""	""	""
"Kaffee"	"39"	"5"	""	""	"1"	"4"	"1"	"1"	"3"	"3"	""	""	""	"1"	"2"	""	"1"	""	""	"1"	"2"	""	"2"	""	""	""	"1"	"5"	"2"	"4"	""	""
"Schokoladen Glace"	"39"	"3"	""	""	"1"	"1"	"3"	"3"	"4"	""	""	""	"1"	"1"	"1"	"2"	"1"	"1"	"4"	"1"	"1"	"1"	"2"	""	""	""	"2"	"4"	"1"	"1"	""	""
"ohne Alkohol"	"39"	""	"3"	""	""	"1"	"3"	""	"1"	"1"	""	"1"	""	"2"	"4"	"1"	""	""	""	"3"	"2"	"6"	""	"2"	"2"	""	"1"	"2"	"3"	"1"	""	""
"Kinder Pizza Margherita"	"37"	"2"	"1"	"1"	""	""	""	"4"	"1"	"2"	""	""	"1"	"3"	"2"	""	""	""	""	"1"	"5"	"4"	"4"	""	""	""	""	"2"	"1"	"3"	""	""
"Rainbow Salmon"	"36"	""	""	"1"	"1"	""	"2"	"3"	"3"	"1"	""	"4"	""	"1"	"4"	""	"1"	""	""	"1"	"4"	""	"2"	""	""	""	"1"	"1"	"6"	""	""	""
"Pizza Chorizzo TA"	"35"	"1"	"1"	"2"	"1"	"2"	""	""	""	""	"2"	""	"2"	"3"	""	""	"2"	"2"	"1"	""	"2"	"2"	""	"2"	"5"	"1"	"3"	"1"	""	""	""	""
"Das Seezungenfilet"	"34"	""	"2"	""	""	"3"	"1"	"2"	"1"	""	"1"	""	""	"3"	"1"	"3"	""	"2"	""	""	"1"	"3"	"4"	""	"1"	"1"	"1"	"2"	"1"	"1"	""	""
"mit Lachs"	"33"	"6"	""	""	""	""	""	""	"3"	""	""	""	""	""	""	"6"	""	""	""	""	""	""	"7"	""	""	""	""	""	""	"11"	""	""
"Vanille"	"31"	"1"	""	""	"1"	"1"	"2"	"7"	""	"3"	""	""	""	""	"3"	"1"	""	"1"	""	"2"	"2"	"2"	"2"	""	""	""	"1"	"2"	""	""	""	""
"Das Avocado Toast"	"30"	"5"	""	""	""	""	""	""	"3"	""	""	""	""	""	""	"4"	""	""	""	""	""	""	"7"	""	""	""	""	""	""	"11"	""	""
"Zitronensorbet"	"29"	"1"	""	""	""	"4"	"2"	"3"	"1"	""	""	""	""	"1"	"2"	"1"	""	"3"	"2"	""	"1"	"3"	"2"	"1"	""	""	"1"	""	"1"	""	""	""
"Pistazien Glace"	"28"	"1"	"1"	""	""	"2"	"1"	"1"	"3"	"1"	"1"	""	"1"	""	"2"	"1"	"2"	"1"	"2"	"2"	"1"	"1"	"1"	""	""	"1"	""	"1"	""	"1"	""	""
"Pizza Tonno TA"	"27"	"1"	"1"	"1"	""	"3"	"1"	"1"	""	""	"4"	""	""	"2"	""	"1"	""	""	""	"1"	"4"	"2"	"2"	""	""	""	""	""	"2"	"1"	""	""
"Das Entrecôte 120gr"	"27"	"1"	""	"1"	""	""	"3"	"2"	"3"	""	""	"2"	"1"	"1"	""	"2"	""	""	""	""	"5"	""	"1"	""	""	"1"	""	"2"	"2"	""	""	""
"Die Tortellini Brodo Suppe"	"26"	"1"	"2"	""	"2"	"3"	""	"3"	"2"	"1"	""	"1"	""	""	""	"2"	"1"	""	""	"1"	""	""	"2"	"1"	""	""	""	""	"3"	"1"	""	""
"Glace 2 Kugeln"	"24"	""	""	""	""	"2"	"1"	"4"	"2"	"4"	""	""	""	""	"1"	"1"	""	"1"	""	"1"	"1"	""	"1"	""	""	""	"1"	"3"	"1"	""	""	""
"Kinder Pommes"	"23"	"1"	"1"	""	""	""	""	"1"	"5"	"2"	""	""	""	""	""	""	""	"1"	""	""	""	"6"	""	"1"	"1"	""	"1"	"1"	"2"	""	""	""
"Extra Beilagen"	"22"	"1"	""	""	""	"1"	""	"1"	"1"	"1"	""	"2"	"1"	"1"	"1"	""	""	"1"	""	""	"2"	"1"	"1"	""	""	"1"	""	"1"	"3"	"2"	""	""
"mittel"	"22"	""	"1"	""	""	"1"	"4"	""	""	""	""	""	""	"3"	"2"	"2"	""	""	""	"1"	"1"	"2"	""	"2"	""	""	"1"	"1"	""	"1"	""	""
"Das Eggs Benedict"	"19"	"2"	""	""	""	""	""	""	"1"	""	""	""	""	""	""	"2"	""	""	""	""	""	""	"5"	""	""	""	""	""	""	"9"	""	""
"Das Tartufo Coco Nocciola"	"19"	"1"	""	""	""	"1"	""	"4"	"1"	""	""	""	"2"	""	"1"	"1"	"1"	""	""	"1"	""	"1"	"2"	""	""	""	"1"	"1"	""	"1"	""	""
"Pizza und Küche"	"19"	""	""	""	"1"	"1"	"1"	""	""	""	""	""	""	""	"1"	"1"	""	""	""	"2"	"1"	""	"2"	""	"1"	"1"	"3"	"2"	"2"	""	""	""
"Kinder Chicken Nuggets"	"19"	""	""	"1"	""	""	""	"1"	"1"	""	"1"	""	""	"2"	""	""	""	""	"1"	""	"1"	"2"	""	"1"	""	"1"	""	"2"	"2"	"3"	""	""
"Roll's Teller"	"18"	""	""	""	""	""	"1"	"3"	""	"1"	""	""	""	""	"3"	""	""	""	"1"	""	"1"	"2"	""	""	""	""	"2"	"2"	"2"	""	""	""
"Das Choco Nocciola"	"16"	"1"	""	""	""	""	"1"	""	"2"	"1"	"1"	""	""	"3"	""	"1"	""	""	""	""	""	"1"	"1"	""	""	"2"	""	""	"1"	"1"	""	""
"Pizza und Küche"	"16"	""	""	"1"	""	""	""	"1"	""	"1"	""	"1"	""	""	"1"	""	"1"	""	""	""	"3"	"2"	""	""	"1"	"1"	""	"2"	"1"	""	""	""
"Pizza Funghi"	"16"	""	"1"	""	"1"	"2"	""	"1"	"1"	"1"	""	"2"	""	"1"	""	"1"	"1"	""	""	""	"3"	"1"	""	""	""	""	""	""	""	""	""	""
"Sashimi Salmon"	"16"	""	""	"1"	""	""	"1"	"1"	""	""	""	""	"1"	"1"	"1"	""	""	""	""	""	""	"1"	"2"	"1"	""	"2"	""	"1"	"3"	""	""	""
"Kinder Pizza Prosciutto"	"16"	""	""	""	""	"1"	""	"2"	""	""	""	""	""	""	""	""	""	"2"	""	""	"2"	"5"	"1"	"1"	""	""	""	""	"1"	"1"	""	""
"Pizza Napoli TA"	"15"	"1"	""	"2"	""	"2"	"1"	""	"1"	"1"	""	""	""	""	""	"1"	"1"	"2"	"1"	""	""	"1"	""	"1"	""	""	""	""	""	""	""	""
"Amarena Glace"	"15"	"3"	""	""	"1"	"2"	"1"	""	"1"	"2"	""	""	""	""	""	""	"1"	"1"	""	"1"	""	""	""	""	""	"1"	"1"	""	""	""	""	""
"Sashimi Tuna"	"15"	""	""	"1"	""	"1"	"1"	""	""	""	""	""	""	"2"	"1"	""	""	""	""	""	""	""	"1"	""	""	"2"	""	"2"	"4"	""	""	""
"Paradise rolls"	"15"	""	""	""	""	""	""	""	""	""	""	""	""	""	""	""	""	""	""	""	""	""	""	""	""	""	"15"	""	""	""	""	""
"Smoked Salmon"	"14"	"4"	""	""	""	""	"1"	"1"	""	""	""	""	""	""	""	""	"1"	"1"	""	"1"	"3"	""	""	""	""	""	"1"	""	"1"	""	""	""
"Der Mamma's Kuchen"	"14"	"2"	""	""	""	""	"1"	""	"3"	"1"	"1"	""	"1"	""	"2"	""	""	""	""	""	""	"1"	""	""	""	""	""	""	""	"2"	""	""
"Blattsalat TA"	"14"	""	"1"	""	""	""	"1"	""	""	"1"	""	"2"	""	"2"	""	""	""	""	"2"	""	"1"	""	""	"1"	""	"3"	""	""	""	""	""	""
"nicht scharf"	"14"	""	"1"	""	""	""	""	"1"	"1"	""	""	""	""	""	"2"	""	""	""	""	"2"	"1"	"3"	"1"	""	""	""	""	""	"1"	"1"	""	""
"scharf"	"13"	""	"1"	""	""	""	"1"	""	"1"	"1"	""	"1"	""	""	""	""	""	""	""	""	""	"1"	""	""	"2"	""	""	"2"	"3"	""	""	""
"mit Schinken"	"12"	"2"	""	""	""	""	""	""	"3"	""	""	""	""	""	""	"1"	""	""	""	""	""	""	"3"	""	""	""	""	""	""	"3"	""	""
"Kinder Pasta Bolognaise"	"12"	"1"	""	"1"	""	""	""	"1"	""	""	""	"2"	"1"	""	""	"1"	""	""	""	""	""	""	"3"	""	""	""	""	""	"2"	""	""	""
"Vegi menu"	"12"	""	""	""	""	""	""	""	""	""	""	""	"11"	""	"1"	""	""	""	""	""	""	""	""	""	""	""	""	""	""	""	""	""
"Dessertvariation"	"12"	""	""	""	""	""	""	""	""	""	""	""	""	""	""	""	""	""	"12"	""	""	""	""	""	""	""	""	""	""	""	""	""
"Die Ricotta Kirsch Torte"	"11"	"2"	""	""	"1"	""	""	"1"	"2"	""	""	""	""	"1"	""	""	""	"2"	""	""	"1"	""	""	""	""	""	""	"1"	""	""	""	""
"Der Grieche TA"	"11"	""	"1"	""	""	""	""	""	""	""	""	"1"	"1"	""	""	""	""	""	""	"1"	""	"1"	""	"2"	""	"1"	""	"2"	""	"1"	""	""
"Rucola"	"11"	""	""	""	""	""	""	""	""	""	"1"	""	""	""	"1"	""	""	""	""	""	"4"	"1"	"1"	"1"	""	""	""	"1"	"1"	""	""	""
"Crispy Futomaki Beef"	"10"	"1"	""	""	""	""	""	"3"	""	""	""	""	"1"	"1"	""	""	""	""	""	""	""	"1"	""	""	""	""	""	"1"	"2"	""	""	""
"Abfrage Pizza Extra"	"10"	""	""	""	"2"	""	""	"1"	""	""	"2"	"2"	""	""	"1"	""	""	""	""	""	""	""	"2"	""	""	""	""	""	""	""	""	""
"Kinder Pasta Tomaten"	"10"	""	""	""	""	"2"	""	""	""	""	""	""	""	"1"	""	""	""	"1"	""	"1"	""	"2"	""	""	""	""	""	"1"	"2"	""	""	""
"Mediteranisches Gemüse"	"9"	"1"	""	""	""	""	""	"1"	""	"1"	""	""	""	"1"	"1"	""	""	""	""	""	""	"1"	""	""	""	""	""	"1"	""	"2"	""	""
"Saignant"	"9"	""	""	""	""	"2"	"1"	"2"	"1"	""	""	""	""	""	""	""	"2"	""	""	"1"	""	""	""	""	""	""	""	""	""	""	""	""
"Pizza Quattro Formaggi TA"	"9"	""	"1"	""	""	""	"1"	""	""	""	"2"	"1"	"1"	"2"	""	""	""	""	""	""	""	""	""	""	"1"	""	""	""	""	""	""	""
"Pommes"	"9"	""	""	""	""	""	""	""	""	""	""	"2"	"1"	""	""	""	""	"1"	""	""	"2"	""	"1"	""	""	"1"	""	""	"1"	""	""	""
"Die Pancakes"	"8"	"2"	""	""	""	""	""	""	"2"	""	""	""	""	""	""	"1"	""	""	""	""	""	""	"1"	""	""	""	""	""	""	"2"	""	""
"Cognac"	"8"	""	""	""	""	""	"1"	"1"	"1"	""	""	""	""	""	""	"1"	""	""	""	""	""	""	"1"	""	""	""	""	"1"	"1"	"1"	""	""
"Vegi Menu"	"8"	""	""	""	""	"8"	""	""	""	""	""	""	""	""	""	""	""	""	""	""	""	""	""	""	""	""	""	""	""	""	""	""
"Das Eggs Benedict"	"7"	"2"	""	""	""	""	""	""	"2"	""	""	""	""	""	""	"1"	""	""	""	""	""	""	"1"	""	""	""	""	""	""	"1"	""	""
"Burrata"	"6"	""	""	""	"3"	""	"1"	"1"	""	""	""	""	""	""	""	""	""	""	"1"	""	""	""	""	""	""	""	""	""	""	""	""	""
"Crispy Futomaki Tuna"	"6"	""	""	""	""	""	"2"	""	""	""	"1"	""	""	""	"1"	""	""	""	""	""	""	""	""	""	""	""	""	""	"2"	""	""	""
"Hinterschinken"	"5"	""	""	""	""	"1"	""	""	""	""	""	""	""	"1"	""	""	""	""	""	""	""	"2"	""	""	""	""	""	"1"	""	""	""	""
"Tataki Tuna"	"4"	"1"	""	""	""	""	"1"	""	""	""	""	""	""	""	"1"	""	""	""	""	""	"1"	""	""	""	""	""	""	""	""	""	""	""
"Oliv Menü"	"4"	""	""	""	""	""	""	""	""	"4"	""	""	""	""	""	""	""	""	""	""	""	""	""	""	""	""	""	""	""	""	""	""
"Risotto"	"3"	""	""	""	""	"1"	""	""	""	""	""	""	""	""	""	""	""	""	""	""	""	""	""	""	""	""	""	""	"2"	""	""	""
"Kinder Gemüse"	"3"	""	""	""	""	""	""	"1"	""	""	""	""	""	""	""	""	""	""	""	""	""	"1"	""	""	""	""	""	""	""	"1"	""	""
"Diverses Food (Speisen)"	"3"	""	""	""	""	""	""	"1"	""	""	""	""	""	""	""	""	""	"1"	""	"1"	""	""	""	""	""	""	""	""	""	""	""	""
"Tataki Salmon"	"2"	"1"	""	"1"	""	""	""	""	""	""	""	""	""	""	""	""	""	""	""	""	""	""	""	""	""	""	""	""	""	""	""	""
"Creme Fraiche"	"2"	""	""	""	""	""	""	""	""	""	""	"1"	""	""	""	""	""	""	""	""	""	""	""	""	""	""	""	""	"1"	""	""	""
"extra ei"	"1"	"1"	""	""	""	""	""	""	""	""	""	""	""	""	""	""	""	""	""	""	""	""	""	""	""	""	""	""	""	""	""	""
"Calvados"	"1"	""	""	""	""	""	"1"	""	""	""	""	""	""	""	""	""	""	""	""	""	""	""	""	""	""	""	""	""	""	""	""	""
"Linguine"	"1"	""	""	""	""	""	""	""	"1"	""	""	""	""	""	""	""	""	""	""	""	""	""	""	""	""	""	""	""	""	""	""	""
"Apero zum teilen"	"1"	""	""	""	""	"1"	""	""	""	""	""	""	""	""	""	""	""	""	""	""	""	""	""	""	""	""	""	""	""	""	""	""
"Brot"	"1"	""	""	""	""	""	"1"	""	""	""	""	""	""	""	""	""	""	""	""	""	""	""	""	""	""	""	""	""	""	""	""	""
"Diverses Fleisch"	"1"	""	""	""	""	""	"1"	""	""	""	""	""	""	""	""	""	""	""	""	""	""	""	""	""	""	""	""	""	""	""	""	""
"Schwarzer Trüffel"	"1"	""	""	""	""	""	""	""	""	""	""	"1"	""	""	""	""	""	""	""	""	""	""	""	""	""	""	""	""	""	""	""	""
"Whiskey"	"1"	""	""	""	""	""	""	""	""	""	""	""	""	"1"	""	""	""	""	""	""	""	""	""	""	""	""	""	""	""	""	""	""
"Parmaschinken"	"1"	""	""	""	""	""	""	""	""	""	"1"	""	""	""	""	""	""	""	""	""	""	""	""	""	""	""	""	""	""	""	""	""
"Thunfisch Steak"	"1"	""	""	""	""	""	""	""	""	""	""	""	"1"	""	""	""	""	""	""	""	""	""	""	""	""	""	""	""	""	""	""	""
"Poulet menu"	"1"	""	""	""	""	""	""	""	""	""	""	""	"1"	""	""	""	""	""	""	""	""	""	""	""	""	""	""	""	""	""	""	""
"Die Acai Bowl"	"1"	""	""	""	""	""	""	""	""	""	""	""	""	""	""	"1"	""	""	""	""	""	""	""	""	""	""	""	""	""	""	""	""
"Aufpreis Gamberi"	"1"	""	""	""	""	""	""	""	""	""	""	""	""	""	""	"1"	""	""	""	""	""	""	""	""	""	""	""	""	""	""	""	""
"Griechischer Salat gross"	"1"	""	""	""	""	""	""	""	""	""	""	""	""	""	""	""	"1"	""	""	""	""	""	""	""	""	""	""	""	""	""	""	""
"Vorspeise Menu"	"1"	""	""	""	""	""	""	""	""	""	""	""	""	""	""	""	"1"	""	""	""	""	""	""	""	""	""	""	""	""	""	""	""
"Raviolini Ratatouille"	"1"	""	""	""	""	""	""	""	""	""	""	""	""	""	""	""	""	""	"1"	""	""	""	""	""	""	""	""	""	""	""	""	""
"Apero"	"1"	""	""	""	""	""	""	""	""	""	""	""	""	""	""	""	""	""	"1"	""	""	""	""	""	""	""	""	""	""	""	""	""
"Cesar salat"	"1"	""	""	""	""	""	""	""	""	""	""	""	""	""	""	""	""	""	""	"1"	""	""	""	""	""	""	""	""	""	""	""	""
"Chicken"	"1"	""	""	""	""	""	""	""	""	""	""	""	""	""	""	""	""	""	""	"1"	""	""	""	""	""	""	""	""	""	""	""	""
"Trüffel"	"1"	""	""	""	""	""	""	""	""	""	""	""	""	""	""	""	""	""	""	""	"1"	""	""	""	""	""	""	""	""	""	""	""
"Nuggets"	"1"	""	""	""	""	""	""	""	""	""	""	""	""	""	""	""	""	""	""	""	""	"1"	""	""	""	""	""	""	""	""	""	""
"Lachs"	"1"	""	""	""	""	""	""	""	""	""	""	""	""	""	""	""	""	""	""	""	""	""	"1"	""	""	""	""	""	""	""	""	""
"Poulet Pizza"	"1"	""	""	""	""	""	""	""	""	""	""	""	""	""	""	""	""	""	""	""	""	"1"	""	""	""	""	""	""	""	""	""	""
